世代,個体No,適応度,係数0,係数1,係数2,係数3
581,32,19.999958543649118,3.83278882775024E-4,0,153,113
