世代,個体No,適応度,係数0,係数1,係数2,係数3
930,64,19.99999012486555,-2.5947033287281734E-4,0,116,123
